{
  "final_model_name": "XGBoost",
  "selected_model_metric": "validation_roc_auc",
  "selected_threshold_metric": "validation_f1",
  "selected_threshold": 0.3487778306007385,
  "best_params": {
    "model__subsample": 0.85,
    "model__reg_lambda": 10,
    "model__n_estimators": 150,
    "model__min_child_weight": 5,
    "model__max_depth": 4,
    "model__learning_rate": 0.05,
    "model__gamma": 0.0,
    "model__colsample_bytree": 0.7
  },
  "test_metrics_default_threshold": {
    "model": "XGBoost",
    "split": "test",
    "setting": "default_0.50",
    "threshold": 0.5,
    "accuracy": 0.7291970094183902,
    "precision": 0.7522975929978118,
    "recall": 0.6747791952894995,
    "f1": 0.7114330056906363,
    "roc_auc": 0.7972324263286563
  },
  "test_metrics_tuned_threshold": {
    "model": "XGBoost",
    "split": "test",
    "setting": "tuned_threshold",
    "threshold": 0.3487778306007385,
    "accuracy": 0.7036605495679192,
    "precision": 0.6613489180224293,
    "recall": 0.8217860647693818,
    "f1": 0.7328899002275512,
    "roc_auc": 0.7972324263286563
  }
}